Temperature,Preception,Altitude,SoilPh,CoffeeVarients,CoffeeGrowth
24.3,154.38,1419,6.32,0,1
24.75,167.74,1876,6.04,0,0
21.24,237.82,1053,6.08,0,0
26.53,153.87,762,6.38,1,1
24.13,200.26,1391,6.05,0,0
23.56,171.3,1264,6.17,1,1
23.69,143.05,1427,6.41,0,1
27.67,219.79,1216,6.24,0,0
23.93,111.05,792,6.5,1,1
24.02,106.59,1785,6.42,1,1
18.13,157.75,794,6.14,0,0
26.56,188.33,960,6.28,0,0
18.53,180.45,1078,6.05,1,1
19.3,193.51,1085,6.01,0,0
19.71,170.36,1710,6.25,1,1
19.57,228.76,1763,6.44,0,0
20.27,214.93,1905,6.07,1,1
16.75,246.93,1760,6.36,0,0
23.28,144.26,620,6.18,0,0
23.34,118.84,685,6.08,1,1
23.96,174.48,1110,6.01,1,1
18.28,120.45,895,6.49,0,0
17.2,199.58,1145,6.21,1,1
27.78,129.54,1020,6.1,0,0
29.66,247.24,1184,6.26,0,0
26.16,101.79,1385,6.06,0,0
26.29,236.34,1314,6.27,1,1
17.01,114.62,1690,6.49,1,1
25.19,174.3,1851,6.14,0,0
28.46,194.91,1681,6.02,1,1
26.35,206.25,1364,6.37,1,1
15.08,180.3,1016,6.07,0,0
27.87,102.78,1268,6.45,1,1
20.04,178.04,1936,6.13,0,0
23.11,156.8,1649,6.24,1,1
19.67,138.04,1644,6.07,1,1
15.08,171.12,748,6.36,1,1
15.29,120.28,1959,6.3,0,0
23.22,194.23,1983,6.11,0,0
29.88,100.17,1934,6.32,0,1
28.5,149.69,1105,6.24,0,0
22.53,112.02,1285,6.03,1,1
24.41,117.53,984,6.4,0,1
28.58,200.71,1341,6.1,0,0
27.36,174.26,793,6.19,0,0
27.94,180.78,1530,6.32,0,1
17.24,109.2,1364,6.46,0,0
18.76,136.77,883,6.34,0,0
24.13,119.84,1524,6.31,1,1
21.03,230.75,818,6.38,1,1
23.15,181.64,968,6.25,1,1
21.98,147.01,1708,6.32,1,1
28.19,127.21,1251,6.3,1,1
22.81,123.75,893,6.41,0,1
21.15,133.39,732,6.29,1,1
26.05,214.01,1735,6.04,0,0
26.86,127.54,910,6.02,1,1
15.26,215.94,1104,6.39,0,0
21.39,125.64,872,6.01,1,1
26.56,153.14,1370,6.39,1,1
20.54,233.11,692,6.18,0,0
22.92,120.77,926,6.28,1,1
20.26,191.91,1494,6.45,1,1
22.45,203.42,977,6.28,0,0
23.41,202.06,1252,6.03,0,0
25.48,224.91,1186,6.03,1,1
18.66,161.58,613,6.14,0,0
23.79,149.32,1577,6.04,1,1
29.56,153.53,1981,6.13,0,0
15.01,219.07,1951,6.36,1,1
25.98,134.89,1154,6.38,0,1
16.93,244.31,1686,6.17,1,1
15.06,204.56,757,6.15,1,1
21.63,135.18,703,6.35,0,1
27.82,128.1,772,6.27,0,0
15.51,207.19,1950,6.35,1,1
18.86,155.23,1256,6.04,1,1
28.54,206.72,1318,6.49,1,1
18.16,196.02,1114,6.12,1,1
28.46,187.35,682,6.34,1,1
16.76,203.07,1929,6.36,0,0
18.84,108.43,1374,6.19,1,1
20.46,203.59,859,6.01,1,1
25.34,214.87,1522,6.4,1,1
29.57,203.03,965,6.4,0,1
28.98,118.4,1370,6.13,0,0
29.52,197.99,1033,6.07,0,0
25.22,188.09,733,6.08,1,1
21.32,129.36,1973,6.36,0,1
23.46,120.13,1576,6.17,0,0
27.76,170.7,1964,6.11,0,0
15.81,179.09,1019,6.12,0,0
21.36,112.98,1982,6.1,1,1
21.5,238.36,1555,6.22,1,1
18.25,249.43,1306,6.15,0,0
27.96,108.15,907,6.14,0,0
24.74,173.17,1360,6.06,0,0
21.58,102.41,1743,6.08,1,1
22.79,203.48,1944,6.49,0,1
28.67,173.56,694,6.37,1,1
29.83,132.12,1335,6.3,1,1
20.2,243.29,1034,6.16,1,1
15.34,165.77,954,6.45,0,0
29.33,171.8,1367,6.15,1,1
22.27,224.35,1861,6.33,1,1
17.97,236.17,1978,6.01,1,1
29.64,239.53,1969,6.12,1,1
27.11,245.9,1123,6.14,1,1
27.8,150.74,1614,6.04,0,0
27.39,219.54,1029,6.15,1,1
26.09,202.41,1118,6.26,1,1
22.43,169.54,1662,6.42,0,1
18.53,155.9,1576,6.35,0,0
25.89,237.31,1348,6.12,0,0
28.18,233.25,1637,6.41,1,1
22.52,144.88,831,6.1,0,0
23.68,215.64,1446,6.21,1,1
26.3,212.32,1758,6.26,1,1
15.77,104.12,1659,6.43,1,1
22.55,232.2,1411,6.36,0,1
18.51,220.88,1621,6.02,1,1
26.34,239.55,1263,6.24,0,0
26.19,205.35,660,6.25,1,1
29.57,182.55,1269,6.37,0,1
22.56,126.23,853,6.39,1,1
23.27,232.15,1081,6.17,1,1
15.24,129.46,1413,6.43,1,1
29.26,187.05,1565,6.22,0,0
19.82,111.64,648,6.25,1,1
25.78,174.76,1471,6.4,1,1
19.3,236.88,1743,6.3,0,0
20.92,216.57,1337,6.41,0,1
24.46,191.39,1677,6.24,1,1
15.47,196.41,1500,6.13,0,0
24.2,175.28,1793,6.14,1,1
25.79,162.42,1747,6.34,0,1
26.97,214.77,1899,6.11,1,1
21.63,245.61,1098,6.06,0,0
22.2,127.42,1865,6.18,0,0
26.92,229.89,1416,6.17,0,0
23.7,179.72,759,6.19,1,1
17.66,202.17,1541,6.11,1,1
24.97,139.11,1603,6.46,1,1
28.81,172.36,1790,6.13,0,0
19.44,125.68,1000,6.19,0,0
16.61,164.83,1306,6.39,0,0
20.25,139.03,1980,6.14,0,0
17.14,172.04,772,6.34,0,0
28.42,108.24,1186,6.18,1,1
27.52,100.38,1048,6.18,0,0
18.13,209.53,1564,6.34,1,1
24.0,124.98,1169,6.22,1,1
23.67,227.18,1175,6.05,1,1
15.39,187.8,627,6.34,1,1
17.28,100.58,1551,6.42,0,0
26.67,200.73,1835,6.16,1,1
15.21,145.05,1460,6.16,1,1
22.67,185.11,704,6.25,0,0
17.17,248.79,1124,6.04,0,0
22.71,134.02,1576,6.05,1,1
25.24,225.73,1275,6.49,0,1
27.73,158.93,1269,6.12,0,0
22.19,160.47,923,6.5,1,1
26.06,164.68,1093,6.3,1,1
27.44,152.83,1765,6.49,0,1
23.03,215.78,793,6.04,1,1
20.94,234.23,890,6.4,0,1
29.8,102.45,1935,6.0,0,0
20.47,128.87,1577,6.04,0,0
21.45,154.6,1639,6.0,1,1
26.86,210.87,1887,6.39,1,1
18.3,162.12,1964,6.11,0,0
28.64,143.26,1211,6.32,1,1
18.66,230.63,1920,6.41,1,1
15.69,226.62,687,6.46,0,0
16.72,175.9,1750,6.46,1,1
16.98,232.86,933,6.12,0,0
15.59,172.03,990,6.33,0,0
15.09,221.9,1524,6.5,0,0
26.16,187.47,1676,6.19,0,0
23.29,125.34,1126,6.19,0,0
25.44,114.47,701,6.41,1,1
23.57,181.51,1781,6.46,1,1
29.5,149.14,1315,6.5,1,1
21.36,223.72,1676,6.28,1,1
15.42,152.0,995,6.27,1,1
27.33,235.08,912,6.17,1,1
29.13,192.17,1173,6.03,1,1
25.89,123.18,1007,6.25,0,0
24.07,121.07,914,6.45,1,1
17.54,127.85,1746,6.29,0,0
15.68,245.56,1717,6.19,0,0
25.09,161.97,1316,6.13,0,0
24.43,172.45,1930,6.47,1,1
16.31,166.12,1250,6.01,0,0
19.84,148.03,1484,6.49,0,0
15.99,135.34,1401,6.33,1,1
26.42,153.47,879,6.35,1,1
23.39,117.2,938,6.22,0,0
27.45,158.71,1047,6.43,1,1
29.4,114.45,1578,6.13,0,0
20.97,106.65,1453,6.43,1,1
19.4,123.73,1690,6.17,1,1
28.48,110.63,1042,6.25,0,0
18.93,173.51,1145,6.22,1,1
22.48,218.45,1766,6.34,0,1
27.92,130.04,1004,6.11,1,1
29.83,105.54,1284,6.03,0,0
20.42,178.91,1442,6.05,1,1
16.85,185.73,1558,6.43,1,1
24.44,177.98,1726,6.02,0,0
22.39,220.47,1205,6.29,0,0
16.07,168.82,1490,6.1,0,0
18.37,192.68,1671,6.22,1,1
28.14,177.9,741,6.12,0,0
26.58,233.72,1390,6.09,0,0
26.56,116.65,1414,6.45,0,1
29.89,140.46,1964,6.16,0,0
17.4,208.16,899,6.07,0,0
16.05,168.77,1934,6.15,1,1
16.46,167.8,731,6.11,1,1
16.98,135.12,1157,6.21,1,1
23.45,193.73,877,6.36,0,1
28.78,144.18,1793,6.12,0,0
26.22,168.5,1295,6.36,0,1
23.4,180.7,900,6.29,0,0
28.56,180.46,896,6.05,0,0
29.66,108.93,686,6.5,1,1
16.57,248.43,1773,6.39,0,0
22.92,236.82,1425,6.02,0,0
15.93,179.79,743,6.17,0,0
24.45,130.45,832,6.1,0,0
29.3,172.45,1380,6.21,0,0
29.5,125.95,1480,6.44,0,1
21.53,220.7,1173,6.16,0,0
15.4,160.9,847,6.38,0,0
16.51,161.88,1214,6.29,1,1
27.04,131.52,1860,6.38,1,1
19.81,237.65,1666,6.43,1,1
29.54,124.62,1271,6.45,0,1
22.39,190.11,741,6.17,1,1
16.02,132.64,1011,6.41,1,1
20.0,141.92,1990,6.03,0,0
21.17,247.32,1798,6.04,0,0
15.14,142.11,1201,6.44,1,1
20.59,242.86,1370,6.1,0,0
19.82,126.14,843,6.42,0,0
26.83,203.36,1924,6.11,1,1
26.47,133.84,1529,6.12,0,0
17.22,117.94,1733,6.45,0,0
18.25,230.61,1085,6.34,1,1
20.54,183.95,1708,6.29,1,1
24.77,197.94,1082,6.34,1,1
23.37,216.49,1965,6.29,0,0
21.19,122.51,1455,6.38,1,1
26.74,101.77,797,6.12,1,1
27.39,120.89,1011,6.3,1,1
21.08,179.58,922,6.17,1,1
15.3,241.08,800,6.33,1,1
24.96,156.1,1092,6.13,1,1
24.56,153.53,1982,6.49,0,1
29.14,230.3,935,6.21,0,0
21.27,239.36,659,6.27,1,1
24.84,123.94,1751,6.13,0,0
18.44,189.91,1291,6.18,1,1
16.81,114.3,657,6.27,0,0
17.53,113.97,1992,6.13,0,0
25.57,246.11,696,6.1,0,0
25.17,100.18,647,6.09,1,1
15.24,101.34,1399,6.13,1,1
26.73,234.18,1358,6.33,0,1
18.46,238.67,1296,6.0,0,0
15.06,149.52,1944,6.08,1,1
23.01,145.59,1212,6.18,1,1
24.92,151.4,861,6.44,0,1
25.34,124.22,645,6.19,1,1
21.89,203.63,823,6.03,0,0
24.07,137.63,1652,6.4,0,1
28.62,223.47,836,6.31,1,1
27.41,244.58,1616,6.38,1,1
24.62,106.33,1489,6.17,1,1
16.01,225.55,1205,6.06,1,1
25.87,141.5,1416,6.4,0,1
18.22,118.2,761,6.26,0,0
20.72,249.2,1290,6.38,1,1
20.87,142.97,1249,6.2,0,0
18.17,173.5,621,6.17,0,0
24.12,173.08,634,6.49,1,1
27.18,138.55,1362,6.24,1,1
22.16,181.05,860,6.21,0,0
16.72,104.69,1857,6.2,1,1
19.59,186.44,1028,6.02,1,1
20.8,189.85,1339,6.05,0,0
26.1,213.22,1699,6.44,1,1
19.32,152.54,1888,6.4,0,0
22.3,246.83,681,6.0,0,0
20.12,154.84,1747,6.28,0,0
18.53,105.69,1485,6.31,1,1
24.27,100.61,1598,6.48,0,1
27.88,188.8,1993,6.17,1,1
29.01,240.4,1929,6.14,0,0
23.12,114.54,1195,6.26,1,1
19.32,119.68,1529,6.08,0,0
28.09,235.99,1797,6.15,1,1
19.89,134.06,1359,6.18,1,1
25.47,241.25,1835,6.43,0,1
28.46,143.42,1656,6.39,1,1
18.3,193.4,1557,6.27,1,1
27.93,223.16,991,6.43,0,1
16.09,120.47,830,6.33,0,0
24.18,135.88,1252,6.03,0,0
18.05,184.68,1410,6.2,0,0
15.47,165.99,922,6.13,0,0
16.16,132.65,1694,6.35,1,1
20.78,218.78,1287,6.01,1,1
23.52,205.65,1929,6.39,1,1
25.52,207.47,1169,6.06,1,1
16.13,209.5,746,6.02,1,1
26.13,212.76,1513,6.35,1,1
29.73,214.37,908,6.06,0,0
23.36,167.91,1536,6.29,0,0
17.07,190.06,1465,6.03,1,1
19.39,214.4,883,6.01,1,1
24.89,192.04,1517,6.14,0,0
18.97,138.62,1098,6.09,1,1
28.44,131.14,668,6.22,0,0
20.93,220.25,1236,6.21,1,1
23.97,115.28,870,6.18,1,1
21.02,207.88,612,6.41,1,1
16.46,114.59,1836,6.36,0,0
17.55,113.41,1817,6.42,0,0
17.22,174.1,1407,6.14,1,1
23.79,169.17,1552,6.37,0,1
25.22,203.53,1523,6.15,1,1
26.19,137.96,1552,6.43,0,1
24.96,144.45,1853,6.2,1,1
21.37,209.54,942,6.07,1,1
25.19,155.72,1538,6.11,0,0
15.04,249.7,1449,6.13,1,1
20.58,232.21,884,6.4,1,1
21.05,107.37,803,6.37,0,1
29.87,197.31,1303,6.41,0,1
22.47,223.81,1473,6.02,1,1
18.92,136.28,1069,6.1,0,0
20.8,101.41,1972,6.26,0,0
26.85,126.92,1192,6.2,1,1
22.45,184.29,1611,6.15,1,1
19.02,249.28,1454,6.37,1,1
22.79,163.64,1847,6.26,1,1
21.92,149.65,1136,6.18,1,1
29.68,131.34,879,6.03,0,0
27.52,140.01,1666,6.21,1,1
17.58,206.38,1556,6.22,1,1
23.71,174.76,1591,6.1,1,1
23.13,122.78,1361,6.21,1,1
29.63,117.71,1823,6.1,1,1
26.4,172.54,1018,6.23,1,1
17.68,162.63,1794,6.01,1,1
20.94,156.69,859,6.4,0,1
18.22,220.26,1777,6.16,0,0
25.91,147.49,928,6.09,1,1
18.32,158.76,1964,6.1,1,1
23.42,116.04,1048,6.41,1,1
24.55,129.22,1852,6.25,0,0
28.89,199.6,745,6.22,1,1
26.77,180.0,1786,6.12,0,0
17.41,130.79,1287,6.43,1,1
16.96,107.29,1416,6.16,1,1
26.11,186.39,711,6.32,0,1
22.72,144.46,1562,6.0,0,0
19.13,229.38,971,6.23,0,0
28.46,233.06,1267,6.1,1,1
18.75,198.11,1372,6.15,1,1
29.33,163.18,1312,6.41,0,1
29.61,246.76,1221,6.06,0,0
21.82,176.54,1177,6.4,1,1
24.64,134.98,1000,6.07,0,0
27.49,239.51,1930,6.5,0,1
16.2,114.91,1478,6.14,0,0
16.37,158.77,1991,6.42,0,0
24.72,136.0,1844,6.14,1,1
24.03,204.37,1904,6.27,0,0
15.78,121.76,1989,6.17,0,0
24.92,132.34,1850,6.48,0,1
17.73,131.86,605,6.35,0,0
22.89,219.49,1830,6.46,1,1
28.34,146.54,630,6.47,1,1
28.52,108.27,913,6.42,1,1
22.27,109.9,626,6.0,0,0
26.89,175.13,1479,6.05,1,1
19.52,164.89,1559,6.14,1,1
16.6,238.13,1405,6.47,0,0
29.65,232.75,1359,6.4,0,1
20.66,242.5,799,6.43,1,1
17.41,179.34,851,6.09,0,0
27.86,188.58,967,6.33,0,1
23.46,138.97,1806,6.22,1,1
22.1,186.79,1533,6.39,1,1
21.72,249.28,1002,6.14,1,1
28.14,249.78,1212,6.01,0,0
20.22,193.72,964,6.02,0,0
29.64,209.88,1250,6.24,0,0
15.3,189.68,942,6.43,1,1
23.83,142.95,1433,6.43,0,1
24.51,246.38,1433,6.28,0,0
22.46,189.11,1502,6.02,1,1
21.01,239.48,1646,6.03,1,1
18.2,189.55,796,6.38,1,1
29.33,172.11,1920,6.1,1,1
28.02,131.73,951,6.2,1,1
21.15,188.29,1751,6.04,0,0
17.74,187.35,930,6.35,0,0
16.08,162.56,1318,6.32,1,1
18.06,187.84,1740,6.34,1,1
15.46,139.38,1554,6.26,1,1
19.25,117.89,1615,6.45,1,1
23.12,230.47,1265,6.32,0,1
19.74,169.83,1284,6.45,0,0
15.26,198.25,1095,6.19,1,1
15.45,219.43,1429,6.32,0,0
18.95,151.29,1547,6.23,0,0
26.33,126.32,1425,6.21,0,0
18.17,103.27,621,6.26,1,1
18.44,226.51,1075,6.44,1,1
22.92,183.0,681,6.17,1,1
29.31,177.5,1276,6.44,0,1
21.25,100.64,1769,6.37,0,1
16.46,191.78,1886,6.17,0,0
21.29,125.65,1559,6.41,0,1
29.89,115.49,785,6.36,1,1
23.14,219.99,1948,6.38,1,1
15.44,115.33,1771,6.02,0,0
24.38,232.4,1598,6.28,0,0
29.21,204.31,1528,6.03,0,0
22.39,241.85,712,6.02,1,1
18.41,135.46,1779,6.49,1,1
19.43,149.45,1843,6.26,0,0
18.84,113.74,1465,6.17,0,0
19.75,246.39,1307,6.17,1,1
16.31,136.34,701,6.36,1,1
24.32,243.29,1951,6.35,0,1
15.74,150.77,1843,6.27,1,1
17.47,173.78,1342,6.01,0,0
22.42,127.98,1575,6.13,1,1
26.41,182.22,1955,6.03,1,1
29.57,199.21,1877,6.38,0,1
20.62,183.61,1450,6.3,1,1
17.07,155.33,1272,6.25,1,1
29.52,161.99,801,6.11,0,0
20.5,240.09,1455,6.02,1,1
28.04,160.28,646,6.31,1,1
25.86,224.52,691,6.29,0,0
16.62,172.3,690,6.22,0,0
15.74,224.91,627,6.18,1,1
15.01,238.37,1520,6.22,1,1
24.7,230.91,1955,6.09,1,1
17.91,132.45,1889,6.28,1,1
29.51,155.98,1877,6.17,0,0
20.6,246.94,1288,6.35,1,1
29.95,142.21,1465,6.44,1,1
26.14,115.26,1866,6.39,1,1
21.57,103.35,1846,6.48,0,1
15.61,210.58,633,6.22,0,0
23.53,171.2,1247,6.21,0,0
22.06,196.4,1525,6.31,0,1
27.88,109.82,1908,6.24,0,0
27.98,227.72,1349,6.04,1,1
26.96,227.2,1943,6.02,0,0
23.01,187.02,1577,6.1,1,1
19.9,122.19,1527,6.2,1,1
26.29,223.31,926,6.29,0,0
17.37,239.14,1625,6.03,1,1
21.98,221.27,994,6.39,0,1
19.76,141.84,1389,6.28,1,1
15.75,166.61,1880,6.14,1,1
21.86,130.89,1459,6.38,0,1
26.01,178.95,1258,6.11,1,1
22.26,145.96,601,6.04,0,0
28.32,212.3,1239,6.18,0,0
23.24,107.22,1531,6.13,0,0
26.74,158.09,1228,6.3,1,1
18.06,198.27,1658,6.15,1,1
27.91,132.11,1352,6.18,1,1
23.12,202.1,1632,6.05,1,1
26.98,138.3,1168,6.43,1,1
23.53,246.27,1852,6.44,0,1
23.88,108.12,1540,6.38,0,1
24.8,182.76,1659,6.11,1,1
21.3,175.57,1704,6.33,0,1
18.75,145.06,1868,6.2,0,0
18.65,194.39,1576,6.06,0,0
22.91,162.17,1091,6.3,1,1
26.77,246.02,893,6.43,1,1
17.4,167.79,676,6.17,1,1
27.49,155.08,949,6.03,1,1
26.56,176.38,1087,6.48,1,1
16.0,224.5,1481,6.18,1,1
19.32,100.31,768,6.24,0,0
23.74,168.72,1201,6.42,1,1
15.14,191.89,835,6.03,1,1
26.73,108.0,619,6.02,0,0
22.89,110.48,1269,6.1,1,1
16.07,166.11,1695,6.08,1,1
18.02,148.36,1624,6.39,1,1
25.57,222.24,898,6.48,1,1
28.99,208.91,1148,6.09,1,1
17.76,222.59,1884,6.5,0,0
15.12,233.3,1301,6.04,0,0
18.52,105.49,1913,6.21,1,1
20.57,223.99,1792,6.03,1,1
29.38,247.14,774,6.45,1,1
23.18,219.19,1820,6.31,1,1
28.68,238.57,1852,6.18,0,0
27.0,205.27,1940,6.46,1,1
17.5,233.77,1274,6.47,0,0
27.24,230.62,1829,6.29,1,1
26.27,149.78,685,6.23,0,0
16.04,233.33,1331,6.49,0,0
18.7,201.53,1216,6.43,1,1
17.01,109.18,1518,6.04,0,0
22.85,137.47,855,6.32,0,1
15.2,186.47,1183,6.48,0,0
24.89,229.1,1623,6.26,1,1
22.5,164.33,1756,6.32,0,1
22.49,117.53,1380,6.13,1,1
21.33,134.96,763,6.05,0,0
19.98,239.29,1928,6.38,1,1
29.88,129.77,1330,6.13,0,0
16.69,175.19,1591,6.24,0,0
15.0,108.28,1636,6.03,1,1
29.83,234.22,1748,6.33,1,1
23.56,105.14,1581,6.17,0,0
19.53,107.28,692,6.34,0,0
19.98,229.12,763,6.01,0,0
23.08,241.9,743,6.08,0,0
28.54,114.15,1525,6.09,0,0
27.81,112.93,944,6.48,1,1
24.14,107.74,1807,6.05,1,1
24.6,247.95,1937,6.38,1,1
28.26,153.5,1154,6.2,1,1
25.4,195.55,838,6.16,1,1
16.02,162.01,991,6.15,0,0
27.67,163.16,1643,6.17,0,0
17.6,104.12,1808,6.5,1,1
20.78,140.48,1055,6.49,0,1
25.15,138.32,1897,6.18,0,0
23.09,165.23,1586,6.17,0,0
28.12,159.21,1758,6.29,1,1
26.93,102.59,623,6.29,1,1
22.37,203.98,1950,6.03,1,1
18.58,234.7,1756,6.44,0,0
27.89,164.77,1700,6.41,1,1
16.58,158.81,1492,6.5,0,0
15.47,238.86,1236,6.38,0,0
19.05,145.88,715,6.25,0,0
29.02,200.48,1121,6.3,1,1
26.85,221.83,718,6.23,0,0
25.97,180.21,1976,6.28,1,1
23.23,104.03,1573,6.35,1,1
20.22,239.22,1332,6.36,1,1
20.42,248.28,1573,6.41,1,1
22.98,228.35,1420,6.14,1,1
19.04,187.35,743,6.07,0,0
27.51,147.06,1901,6.24,1,1
21.7,172.24,721,6.43,1,1
29.79,245.11,1423,6.42,1,1
16.64,246.81,1332,6.32,0,0
17.89,207.29,1581,6.21,0,0
21.54,200.21,1427,6.28,1,1
16.19,124.22,1061,6.33,1,1
28.27,175.42,1500,6.23,1,1
15.35,170.5,938,6.25,0,0
27.71,190.64,739,6.11,0,0
26.99,224.71,1851,6.34,0,1
23.14,109.84,1120,6.31,1,1
18.6,193.2,1807,6.38,1,1
16.01,128.46,1675,6.42,1,1
28.67,231.71,1741,6.08,1,1
15.16,145.08,1672,6.29,1,1
16.7,249.7,1262,6.32,0,0
24.48,177.28,1325,6.05,0,0
15.27,248.65,630,6.06,0,0
28.51,209.68,1177,6.05,0,0
16.2,220.19,1440,6.27,1,1
17.17,142.31,1646,6.35,1,1
24.46,168.17,1087,6.48,1,1
28.84,138.2,1085,6.07,0,0
16.17,155.39,1134,6.32,1,1
22.09,248.66,1342,6.5,0,1
27.45,230.15,1905,6.48,0,1
28.39,173.06,1689,6.01,0,0
22.28,140.75,990,6.28,0,0
27.89,247.18,938,6.31,1,1
20.72,212.69,1660,6.47,0,1
28.3,150.75,1280,6.13,1,1
19.2,152.84,1196,6.41,1,1
18.3,203.28,1113,6.04,1,1
22.68,129.23,1488,6.3,1,1
27.62,204.62,1718,6.32,1,1
20.97,220.17,1304,6.16,0,0
15.3,235.83,994,6.36,1,1
24.3,198.21,1144,6.12,1,1
26.65,233.71,1238,6.38,1,1
26.05,174.0,1392,6.21,1,1
29.73,138.59,931,6.36,1,1
18.86,218.3,1511,6.28,0,0
27.46,169.47,783,6.4,0,1
19.59,233.22,1522,6.08,0,0
22.35,151.32,1064,6.15,1,1
18.21,175.15,1721,6.32,0,0
29.13,154.85,967,6.21,0,0
18.95,145.88,953,6.12,1,1
20.55,164.82,1925,6.31,0,1
17.32,187.65,945,6.39,1,1
24.78,165.67,1948,6.01,0,0
28.84,117.3,1008,6.22,0,0
17.62,210.77,1717,6.4,0,0
25.86,197.04,1825,6.02,1,1
26.52,163.95,1305,6.38,0,1
23.89,242.29,1013,6.27,1,1
22.18,210.04,1863,6.22,1,1
23.8,229.12,1149,6.2,1,1
22.34,205.24,1148,6.11,1,1
25.56,154.55,1212,6.08,1,1
18.75,160.77,719,6.37,1,1
23.97,134.95,1965,6.37,0,1
27.18,151.96,1846,6.2,1,1
16.11,103.91,1409,6.36,0,0
17.46,128.86,1655,6.1,0,0
16.42,188.21,1382,6.18,0,0
18.48,212.68,1183,6.21,1,1
26.76,154.6,1148,6.01,1,1
20.09,239.1,1262,6.38,0,1
23.86,140.35,1975,6.19,1,1
24.47,235.74,1912,6.15,1,1
28.74,210.49,1217,6.19,0,0
24.35,153.95,1891,6.37,1,1
18.82,195.43,990,6.28,1,1
28.11,170.55,1933,6.43,0,1
21.14,238.59,1563,6.0,1,1
29.39,111.47,802,6.06,0,0
22.92,119.88,1496,6.45,1,1
23.35,227.92,1873,6.33,1,1
28.16,186.07,1909,6.03,0,0
23.28,146.36,1515,6.24,1,1
24.29,123.96,1804,6.11,0,0
19.04,170.18,1344,6.11,0,0
20.09,232.14,1585,6.44,0,1
19.56,117.62,913,6.22,1,1
29.75,182.66,849,6.29,0,0
27.92,233.93,1914,6.37,1,1
16.0,137.03,1124,6.24,0,0
29.49,230.34,1772,6.26,1,1
17.02,141.93,1609,6.07,0,0
27.08,187.79,1419,6.31,1,1
20.3,186.41,1420,6.15,0,0
16.62,149.67,1237,6.21,0,0
24.75,211.76,1823,6.3,1,1
27.33,236.63,1848,6.42,1,1
16.67,175.5,1005,6.02,0,0
17.83,111.85,1474,6.04,0,0
28.01,141.12,1208,6.5,0,1
21.73,106.84,1592,6.08,1,1
24.42,116.56,1077,6.42,0,1
24.32,107.0,1608,6.27,0,0
24.86,112.38,1841,6.33,0,1
24.77,239.92,792,6.19,1,1
28.26,182.61,1954,6.48,1,1
22.44,219.77,909,6.41,1,1
18.9,174.39,1398,6.02,1,1
19.43,247.47,1489,6.39,1,1
20.98,245.42,1795,6.35,0,1
20.52,162.72,1168,6.14,1,1
24.8,135.96,1119,6.45,1,1
23.14,125.62,1033,6.19,0,0
27.65,158.12,1323,6.36,0,1
29.88,148.63,1921,6.35,1,1
26.25,111.87,1682,6.41,1,1
20.7,226.76,1916,6.12,0,0
20.63,182.8,1726,6.4,0,1
24.95,203.33,1333,6.18,1,1
15.15,178.09,1184,6.29,0,0
18.8,245.66,634,6.14,1,1
23.63,144.78,1022,6.07,1,1
23.23,233.63,1425,6.15,0,0
15.86,212.43,1466,6.31,0,0
15.29,215.03,1928,6.13,1,1
18.74,174.21,1036,6.33,1,1
18.46,151.29,960,6.07,0,0
29.23,171.08,1510,6.17,0,0
22.78,122.77,1155,6.3,0,1
19.01,112.46,1544,6.22,0,0
24.53,190.9,1612,6.49,0,1
21.63,171.27,1455,6.33,1,1
20.27,160.1,1421,6.47,0,1
16.56,194.95,1022,6.38,1,1
22.08,172.49,1030,6.34,0,1
17.28,199.56,1529,6.31,1,1
28.4,220.48,1730,6.13,0,0
28.65,159.91,1153,6.14,1,1
22.13,241.2,1327,6.22,1,1
19.11,176.72,1736,6.29,1,1
28.61,140.82,1285,6.21,1,1
20.21,105.98,1394,6.31,1,1
27.66,165.7,1147,6.26,1,1
25.8,101.39,920,6.07,1,1
24.97,190.51,1329,6.43,1,1
17.99,192.09,1969,6.39,0,0
24.7,198.49,918,6.45,1,1
26.42,185.68,1134,6.38,0,1
25.14,145.75,1221,6.38,0,1
17.18,115.62,1040,6.34,0,0
21.89,229.09,731,6.08,1,1
17.09,163.78,1930,6.14,0,0
20.26,189.43,1723,6.08,1,1
23.39,234.3,670,6.28,0,0
26.53,153.16,1089,6.02,1,1
26.95,111.84,1513,6.29,1,1
17.39,118.14,1923,6.01,1,1
16.95,142.25,640,6.43,1,1
19.68,169.3,1760,6.41,1,1
21.44,236.96,1725,6.34,0,1
18.78,243.76,1544,6.47,1,1
25.43,143.19,1174,6.1,1,1
28.9,201.69,625,6.35,0,0
28.84,142.42,1082,6.01,1,1
16.36,204.43,1809,6.01,0,0
15.57,227.97,1075,6.24,0,0
25.5,152.12,832,6.32,0,1
25.11,183.93,793,6.08,1,1
18.5,150.64,1718,6.29,1,1
17.01,190.36,1027,6.0,0,0
20.44,159.13,1410,6.03,1,1
18.76,158.26,1648,6.31,1,1
23.59,154.73,1796,6.29,1,1
18.76,166.4,1437,6.35,1,1
23.77,239.68,895,6.26,1,1
29.59,105.78,1237,6.06,1,1
19.5,102.87,1181,6.11,1,1
28.92,103.23,670,6.49,0,0
28.92,103.11,1794,6.02,0,0
26.09,102.7,1635,6.26,1,1
22.66,136.53,1546,6.43,1,1
19.64,103.91,1806,6.34,0,0
22.87,132.74,663,6.07,1,1
23.07,222.38,1438,6.45,0,1
25.7,133.92,1470,6.27,0,0
26.85,151.44,788,6.49,0,1
20.64,169.2,1158,6.2,0,0
25.5,213.8,1769,6.05,0,0
20.67,235.16,1815,6.26,0,0
25.38,133.85,1499,6.12,1,1
25.54,153.21,750,6.22,0,0
17.05,221.35,946,6.18,1,1
23.8,106.96,1365,6.04,1,1
18.21,144.0,1473,6.34,0,0
22.53,117.27,927,6.47,0,1
22.64,134.72,770,6.26,1,1
28.74,112.32,1777,6.26,1,1
15.69,151.85,1380,6.45,1,1
17.48,190.78,687,6.33,0,0
19.14,190.9,1458,6.16,0,0
22.72,217.64,986,6.43,1,1
18.25,103.35,1221,6.32,1,1
19.41,146.19,667,6.19,1,1
22.15,156.8,1076,6.49,0,1
28.77,177.94,655,6.41,1,1
17.11,139.54,910,6.15,1,1
18.53,209.46,1180,6.3,1,1
19.28,243.89,1887,6.3,0,0
17.2,148.06,1127,6.24,0,0
24.51,102.27,1090,6.3,0,1
29.4,115.23,851,6.46,0,1
23.98,217.95,1735,6.06,0,0
26.81,110.44,1265,6.42,1,1
20.84,238.61,890,6.29,0,0
21.54,213.96,1626,6.44,0,1
28.87,178.53,1244,6.45,0,1
26.0,240.88,942,6.31,1,1
25.44,229.24,1299,6.12,0,0
16.98,108.71,903,6.18,0,0
26.84,140.21,1869,6.42,0,1
18.43,128.42,1147,6.32,0,0
15.51,158.52,1616,6.26,0,0
19.05,133.11,797,6.26,0,0
17.0,148.03,1446,6.1,1,1
24.73,220.78,688,6.42,0,0
21.04,232.92,703,6.13,0,0
18.65,118.28,1972,6.05,1,1
19.15,163.87,1406,6.31,0,0
17.74,179.47,983,6.04,0,0
29.27,248.41,950,6.29,0,0
20.74,107.75,1379,6.06,1,1
29.63,248.66,982,6.11,1,1
16.54,134.16,1796,6.43,0,0
19.79,113.26,1931,6.45,0,0
25.67,217.95,703,6.29,1,1
17.98,141.84,886,6.37,1,1
17.2,196.67,1622,6.1,0,0
23.42,192.29,1780,6.33,1,1
23.44,117.52,774,6.03,1,1
18.99,175.48,1392,6.31,1,1
17.28,248.77,807,6.08,0,0
28.57,122.84,1322,6.32,1,1
26.24,166.05,1614,6.34,0,1
19.62,217.07,1118,6.13,0,0
23.89,188.69,1518,6.35,1,1
23.78,205.19,816,6.38,0,1
19.15,209.79,1508,6.08,0,0
29.51,133.83,1651,6.01,1,1
21.79,235.67,958,6.33,0,1
15.07,111.96,1501,6.47,0,0
29.32,112.78,766,6.42,1,1
18.53,139.74,1644,6.07,0,0
17.1,183.59,1664,6.08,0,0
24.07,100.68,1037,6.06,1,1
17.24,171.08,806,6.28,0,0
21.88,178.98,1514,6.32,0,1
28.0,225.25,1928,6.04,0,0
16.84,108.32,1144,6.18,0,0
24.12,137.36,1709,6.28,0,0
17.83,171.57,1441,6.1,0,0
25.78,176.66,1603,6.2,0,0
17.91,207.08,1626,6.21,0,0
27.2,187.19,1178,6.02,0,0
25.08,249.74,1524,6.22,0,0
24.63,161.54,776,6.1,1,1
29.38,189.93,1694,6.45,1,1
19.78,177.94,601,6.11,0,0
19.98,101.47,822,6.27,1,1
18.28,119.32,1992,6.28,1,1
15.0,245.35,1026,6.46,1,1
20.89,196.02,1929,6.03,0,0
15.56,188.44,1845,6.28,1,1
26.89,154.36,1955,6.44,1,1
23.73,157.95,1056,6.33,0,1
16.8,211.8,1071,6.46,1,1
26.56,185.89,1100,6.13,1,1
15.15,135.31,1322,6.38,1,1
15.04,199.74,799,6.11,1,1
20.61,103.8,1493,6.39,0,1
18.27,174.28,1546,6.45,1,1
23.17,143.26,1625,6.12,0,0
17.69,244.83,1541,6.32,0,0
15.59,104.16,1486,6.37,1,1
29.87,183.6,1269,6.02,0,0
24.66,167.21,788,6.04,0,0
18.23,207.31,1302,6.17,0,0
20.59,116.77,1984,6.01,1,1
22.14,118.39,1290,6.06,1,1
24.08,123.05,709,6.49,0,1
17.35,143.22,1821,6.37,1,1
25.97,202.36,933,6.43,0,1
26.31,247.18,1092,6.24,0,0
15.08,159.17,1549,6.18,1,1
22.66,234.3,1693,6.43,0,1
26.12,217.65,841,6.06,0,0
19.83,219.92,1016,6.44,1,1
25.61,175.92,1923,6.39,1,1
16.09,194.58,845,6.46,1,1
21.51,160.15,840,6.06,0,0
22.4,200.24,1940,6.45,0,1
25.48,188.86,1086,6.23,0,0
29.11,150.82,1237,6.48,0,1
18.25,211.12,1183,6.07,0,0
16.33,222.05,731,6.25,0,0
27.89,167.69,1082,6.41,1,1
22.48,152.5,1317,6.42,0,1
16.68,234.24,1240,6.2,1,1
29.94,171.94,1030,6.32,1,1
18.3,132.42,1324,6.24,1,1
22.65,236.53,1034,6.33,1,1
24.7,234.51,1220,6.21,0,0
25.49,245.06,1330,6.47,0,1
20.17,242.2,918,6.35,1,1
29.37,162.12,1547,6.04,0,0
24.08,127.58,1057,6.38,1,1
19.7,177.55,1880,6.49,1,1
29.83,127.0,915,6.17,0,0
28.69,167.65,667,6.23,1,1
25.5,104.69,1533,6.25,1,1
23.74,167.99,1675,6.22,1,1
24.78,245.25,1725,6.21,1,1
25.15,141.73,1574,6.24,0,0
18.0,194.57,1812,6.37,1,1
25.22,213.16,960,6.15,0,0
23.01,130.57,1701,6.09,0,0
21.62,149.53,1066,6.15,0,0
20.63,154.48,1334,6.25,0,0
29.47,156.28,1950,6.22,0,0
25.09,171.94,1575,6.38,1,1
23.75,130.72,1082,6.39,1,1
21.64,115.27,1746,6.27,0,0
19.42,110.84,1780,6.08,0,0
27.9,221.89,1330,6.33,0,1
28.42,203.95,1706,6.24,1,1
19.2,236.66,723,6.45,1,1
28.11,169.28,890,6.23,1,1
23.77,116.38,622,6.16,0,0
26.69,184.3,1477,6.36,1,1
19.04,237.81,1102,6.04,1,1
26.83,161.35,1350,6.49,0,1
24.07,110.4,801,6.14,1,1
23.85,240.01,1945,6.47,1,1
28.41,164.97,1987,6.02,0,0
25.96,229.98,1499,6.13,1,1
21.75,145.52,641,6.36,1,1
27.14,207.11,1551,6.38,1,1
27.85,154.41,1823,6.22,0,0
23.33,179.98,1813,6.07,0,0
18.39,170.48,1398,6.48,0,0
17.24,161.79,1007,6.32,1,1
18.03,248.67,1376,6.15,0,0
20.83,237.87,1252,6.38,0,1
27.31,122.57,1646,6.38,1,1
28.63,207.08,1582,6.3,0,1
21.55,134.1,1704,6.26,1,1
21.17,159.26,1447,6.13,0,0
22.94,185.26,1348,6.02,1,1
26.63,104.68,1569,6.17,1,1
20.33,158.83,1282,6.19,0,0
28.59,221.59,948,6.36,1,1
29.63,139.07,716,6.11,0,0
15.75,109.38,1662,6.36,0,0
26.91,204.83,1485,6.14,0,0
24.9,225.15,773,6.07,1,1
24.51,218.71,1782,6.23,1,1
22.92,139.41,1474,6.47,0,1
29.08,170.07,1675,6.1,1,1
29.41,196.31,926,6.1,1,1
18.23,208.03,783,6.1,0,0
27.54,238.23,1456,6.09,1,1
17.65,203.83,615,6.07,0,0
17.66,243.66,771,6.45,1,1
25.22,194.84,1395,6.45,1,1
25.76,223.75,1842,6.18,1,1
18.43,143.84,1413,6.28,1,1
16.13,230.17,612,6.1,0,0
28.78,189.18,1097,6.08,0,0
16.96,208.98,656,6.08,0,0
17.89,178.68,1460,6.43,1,1
28.47,212.32,1512,6.19,0,0
26.26,126.32,1947,6.47,1,1
15.62,163.63,1183,6.32,0,0
15.64,189.99,681,6.46,0,0
17.09,183.59,1249,6.23,0,0
28.58,187.55,1971,6.23,0,0
27.45,204.09,1484,6.0,1,1
17.53,157.79,709,6.46,0,0
27.09,137.15,1723,6.19,1,1
27.48,156.29,1977,6.5,1,1
25.59,232.38,846,6.47,0,1
24.21,115.3,1792,6.23,1,1
24.25,154.47,1944,6.38,1,1
18.04,225.77,1248,6.49,0,0
29.83,145.02,1203,6.24,1,1
28.35,131.78,1819,6.27,1,1
15.22,164.56,745,6.47,0,0
18.08,158.16,1335,6.09,1,1
26.04,245.09,1178,6.49,0,1
24.6,197.09,1223,6.49,0,1
18.06,154.66,1278,6.34,1,1
20.61,245.13,704,6.06,0,0
21.66,111.92,656,6.04,1,1
15.23,104.37,687,6.49,0,0
27.52,123.46,623,6.18,0,0
21.26,146.29,1222,6.48,0,1
15.61,201.81,1883,6.3,0,0
19.51,143.92,1501,6.42,0,0
26.44,157.5,887,6.46,1,1
22.01,106.46,1133,6.06,0,0
27.5,169.57,1086,6.4,0,1
21.2,241.92,1704,6.07,1,1
26.47,141.57,700,6.04,0,0
24.45,219.28,1505,6.15,1,1
19.81,214.53,1762,6.34,1,1
29.67,233.26,757,6.27,1,1
23.42,213.51,1069,6.24,1,1
20.63,107.26,1106,6.41,1,1
19.1,143.29,1879,6.34,0,0
29.82,139.29,903,6.2,1,1
23.7,190.85,1707,6.29,1,1
17.64,224.27,1278,6.06,0,0
29.75,125.69,1485,6.03,1,1
29.15,189.25,1086,6.33,1,1
17.17,134.76,1949,6.33,1,1
27.67,237.8,1996,6.2,1,1
24.46,222.29,791,6.38,0,1
18.25,108.2,1295,6.22,0,0
28.93,247.63,1832,6.24,0,0
21.85,228.78,1167,6.41,1,1
17.32,108.18,1311,6.41,1,1
22.09,206.19,1297,6.35,1,1
19.67,157.61,1640,6.35,0,0
23.68,134.75,1104,6.15,1,1
22.43,155.07,1959,6.0,0,0
26.25,147.36,1630,6.07,0,0
18.95,166.03,848,6.19,0,0
21.99,155.4,1126,6.05,1,1
22.07,159.28,1331,6.39,1,1
